,a,,b,,alpha,,mu,,sigma,,n_b,
subreddit,min,max,min,max,min,max,min,max,min,max,min,max
aww,0.0001,576.0007887,1,1777.464976,0.15,2.462328935,0.0001,9.469179107,0.0001,3.827781146,0,0.909090909
changemyview,1,123.0152592,1,5408.563035,0.0001,4.589398168,0.0001,7.81800805,0.0001,3.985140433,0,0.97762073
explainlikeimfive,1,252.0058332,1,1098.851996,0.15,1.973689427,0.0001,12.10073165,0.0001,3.899294098,0,0.91356674
IAmA,0.0001,2371.949667,0.0001,3215.860804,0.0001,3.468589627,0.0001,9.976402642,0.0001,3.469918305,0,0.954663887
nottheonion,0.0001,975.1500253,1,6531.904938,0.15,4.376478311,0.0001,8.193446667,0.0001,3.417126499,0,0.943521595
science,0.0001,3551.265652,1,5347.848516,0.15,3.910775016,0.0001,8.614613988,0.0001,3.813200301,0,0.925925926
Showerthoughts,1,212.0001763,1,1241.958057,0.15,1.687321331,0.0001,12.44858763,0.0001,6.495665985,0,0.913043478
sports,1,920.0796824,1,2702.081094,0.15,1.984350827,0.032827046,7.89580216,0.0001,3.80510383,0,0.818181818
worldnews,0.0001,1797.449173,1,3653.038169,0.15,3.229670979,0.15,9.130368339,0.0001,3.308645268,0,0.953367876
